FIPS,State Name,State,Year,Overall Food Insecurity Rate,# of Food Insecure Persons Overall,Food Insecurity Rate among Black Persons (all ethnicities),Food Insecurity Rate among Hispanic Persons (any race),"Food Insecurity Rate among White, non-Hispanic Persons",SNAP Threshold in State,% FI ≤ SNAP Threshold,% FI > SNAP Threshold,Child Food Insecurity Rate,# of Food Insecure Children,% food insecure Children in HH w/HH Incomes Below 185 FPL,% food insecure Children in HH w/HH Incomes Above 185 FPL,Senior Food Insecurity Rate,# of Food Insecure Seniors,Older Adult Food Insecurity Rate,# of Food Insecure Older Adults,Cost Per Meal,Weighted weekly $ needed by FI,Weighted Annual Food Budget Shortfall,Census Division,Census Region,FNS Region
01,Alabama,AL,2019,16.1%,"788,250",27%,13%,12%,130%,50%,50%,21.2%,"229,880",76%,24%,9.4%,"105,776",15.6%,"105,533",$3.01,$16.96,"$405,611,000",East South Central,South,Southeast
01,Alabama,AL,2020,14.5%,"711,370",27%,14%,10%,130%,53%,48%,19.8%,"216,040",82%,18%,9.0%,"104,269",14.2%,"97,677",$3.13,$16.62,"$358,615,000",East South Central,South,Southeast
01,Alabama,AL,2021,14.8%,"746,550",26%,12%,10%,130%,41%,60%,18.3%,"204,830",77%,23%,8.9%,"103,567",14.4%,"100,289",$3.50,$20.36,"$461,137,000",East South Central,South,Southeast
01,Alabama,AL,2022,17.4%,"884,270",31%,18%,12%,130%,39%,61%,23.3%,"258,560",75%,25%,9.2%,"109,300",13.4%,"87,500",$3.91,$24.24,"$650,301,000",East South Central,South,Southeast
01,Alabama,AL,2023,17.5%,"896,510",31%,19%,13%,130%,48%,52%,22.2%,"250,580",75%,25%,8.1%,"103,465",10.8%,"62,405",$3.50,$21.84,"$594,027,000",East South Central,South,Southeast
02,Alaska,AK,2019,11.9%,"86,970",18%,14%,9%,130%,49%,51%,16.1%,"28,850",72%,28%,6.7%,"8,609",10.7%,"9,576",$3.63,$20.43,"$53,905,000",Pacific,West,Western
02,Alaska,AK,2020,10.8%,"79,670",20%,15%,7%,130%,50%,50%,14.7%,"26,910",77%,23%,5.9%,"7,863",11.7%,"10,052",$3.81,$20.23,"$48,894,000",Pacific,West,Western
02,Alaska,AK,2021,10.7%,"78,260",19%,12%,8%,130%,40%,60%,12.8%,"22,960",73%,27%,8.4%,"12,149",8.0%,"6,184",$4.25,$24.77,"$58,797,000",Pacific,West,Western
02,Alaska,AK,2022,12.8%,"93,620",23%,19%,9%,130%,37%,63%,17.1%,"30,110",71%,29%,7.5%,"11,900",7.0%,"4,800",$4.70,$29.12,"$82,705,000",Pacific,West,Western
02,Alaska,AK,2023,14.5%,"106,080",26%,21%,10%,130%,45%,55%,17.8%,"31,030",67%,33%,7.5%,"11,566",6.3%,"4,674",$4.23,$26.46,"$85,145,000",Pacific,West,Western
04,Arizona,AZ,2019,12.6%,"918,940",22%,17%,10%,185%,63%,37%,17.9%,"293,570",68%,32%,8.5%,"135,977",10.4%,"91,931",$3.03,$17.06,"$475,515,000",Mountain,West,Southwest
04,Arizona,AZ,2020,11.1%,"798,790",22%,17%,8%,185%,67%,33%,16.4%,"269,610",76%,24%,6.9%,"118,018",10.0%,"85,230",$3.07,$16.32,"$395,360,000",Mountain,West,Southwest
04,Arizona,AZ,2021,10.3%,"751,690",20%,14%,8%,185%,49%,51%,14.0%,"226,080",68%,32%,7.4%,"129,412",8.5%,"79,721",$3.30,$19.21,"$438,117,000",Mountain,West,Southwest
04,Arizona,AZ,2022,13.1%,"963,130",24%,19%,11%,185%,47%,53%,18.5%,"293,950",65%,35%,9.4%,"159,300",7.2%,"71,500",$3.68,$22.80,"$666,169,000",Mountain,West,Southwest
04,Arizona,AZ,2023,14.4%,"1,067,120",27%,21%,11%,185%,58%,42%,18.4%,"291,290",64%,36%,10.5%,"182,986",11.6%,"106,514",$3.32,$20.75,"$671,699,000",Mountain,West,Southwest
05,Arkansas,AR,2019,16.6%,"499,950",25%,19%,15%,130%,51%,49%,21.6%,"150,910",73%,27%,8.2%,"57,508",12.9%,"47,370",$2.73,$15.41,"$233,680,000",West South Central,South,Southwest
05,Arkansas,AR,2020,14.7%,"444,130",25%,19%,13%,130%,53%,47%,19.7%,"138,410",77%,23%,6.3%,"45,417",16.9%,"61,190",$2.80,$14.85,"$200,073,000",West South Central,South,Southwest
05,Arkansas,AR,2021,15.5%,"467,550",25%,16%,13%,130%,41%,59%,19.1%,"134,690",73%,27%,7.6%,"55,600",19.8%,"75,302",$3.18,$18.50,"$262,358,000",West South Central,South,Southwest
05,Arkansas,AR,2022,18.6%,"567,110",30%,22%,16%,130%,39%,61%,24.2%,"168,430",71%,29%,11.3%,"83,400",18.6%,"73,700",$3.55,$21.99,"$378,349,000",West South Central,South,Southwest
05,Arkansas,AR,2023,19.3%,"592,860",33%,23%,17%,130%,49%,51%,24.0%,"167,940",73%,27%,13.2%,"101,897",17.0%,"60,239",$3.22,$20.10,"$361,481,000",West South Central,South,Southwest
06,California,CA,2019,10.2%,"4,011,960",19%,15%,8%,200%,72%,28%,13.7%,"1,221,560",70%,30%,6.3%,"506,182",9.9%,"478,042",$3.26,$18.35,"$2,233,636,000",Pacific,West,Western
06,California,CA,2020,9.1%,"3,571,920",19%,16%,6%,200%,77%,23%,13.0%,"1,165,400",79%,21%,6.5%,"541,877",10.0%,"475,378",$3.45,$18.32,"$1,985,431,000",Pacific,West,Western
06,California,CA,2021,10.5%,"4,104,060",18%,13%,6%,200%,58%,42%,13.5%,"1,182,720",66%,34%,7.4%,"620,899",10.4%,"485,709",$3.67,$21.36,"$2,658,795,000",Pacific,West,Western
06,California,CA,2022,12.6%,"4,915,450",23%,19%,9%,200%,56%,44%,16.9%,"1,437,250",65%,35%,7.9%,"668,000",10.4%,"479,000",$4.05,$25.08,"$3,739,176,000",Pacific,West,Western
06,California,CA,2023,13.7%,"5,352,790",25%,20%,9%,200%,63%,37%,16.9%,"1,427,650",66%,34%,8.8%,"735,145",11.8%,"557,451",$3.63,$22.65,"$3,678,017,000",Pacific,West,Western
08,Colorado,CO,2019,9.8%,"566,440",12%,17%,8%,200%,61%,40%,12.1%,"151,810",71%,29%,9.3%,"105,267",3.5%,"25,386",$3.35,$18.91,"$324,827,000",Mountain,West,Mountain Plains
08,Colorado,CO,2020,8.3%,"474,420",13%,18%,6%,200%,72%,28%,11.2%,"141,570",82%,18%,7.5%,"90,387",4.4%,"32,365",$3.36,$17.84,"$256,787,000",Mountain,West,Mountain Plains
08,Colorado,CO,2021,9.2%,"533,650",14%,16%,6%,200%,52%,48%,10.5%,"129,900",71%,29%,7.4%,"102,243",8.2%,"55,579",$3.72,$21.64,"$350,359,000",Mountain,West,Mountain Plains
08,Colorado,CO,2022,11.5%,"671,340",19%,21%,9%,200%,48%,52%,14.2%,"172,280",60%,40%,7.7%,"109,200",9.2%,"56,900",$4.13,$25.60,"$521,298,000",Mountain,West,Mountain Plains
08,Colorado,CO,2023,12.7%,"744,950",21%,22%,9%,200%,53%,48%,14.3%,"172,540",56%,44%,8.4%,"106,057",5.4%,"36,387",$3.73,$23.30,"$526,425,000",Mountain,West,Mountain Plains
09,Connecticut,CT,2019,12.0%,"428,800",22%,25%,8%,185%,55%,45%,15.1%,"110,020",65%,35%,8.3%,"74,416",10.2%,"51,600",$3.39,$19.11,"$248,587,000",New England,Northeast,Northeast
09,Connecticut,CT,2020,10.2%,"364,040",23%,25%,6%,185%,60%,40%,12.6%,"92,430",75%,25%,6.6%,"59,899",9.7%,"51,168",$3.60,$19.10,"$210,898,000",New England,Northeast,Northeast
09,Connecticut,CT,2021,10.5%,"380,310",21%,22%,6%,200%,52%,48%,11.5%,"83,530",67%,33%,5.5%,"48,430",8.8%,"46,336",$3.84,$22.38,"$258,120,000",New England,Northeast,Northeast
09,Connecticut,CT,2022,12.9%,"468,150",25%,27%,9%,200%,49%,51%,15.4%,"112,600",60%,40%,6.9%,"62,700",9.7%,"47,300",$4.27,$26.44,"$375,474,000",New England,Northeast,Northeast
09,Connecticut,CT,2023,14.3%,"516,640",27%,29%,10%,200%,57%,43%,17.0%,"122,660",62%,38%,8.3%,"76,235",11.7%,"56,800",$3.67,$22.94,"$359,535,000",New England,Northeast,Northeast
10,Delaware,DE,2019,11.7%,"114,190",18%,19%,9%,200%,57%,43%,16.6%,"33,790",65%,35%,6.5%,"16,194",9.7%,"11,935",$3.18,$17.90,"$62,002,000",South Atlantic,South,Mid-Atlantic
10,Delaware,DE,2020,9.7%,"93,900",18%,19%,7%,200%,63%,37%,15.1%,"30,920",75%,25%,5.4%,"13,976",11.7%,"15,391",$3.32,$17.65,"$50,261,000",South Atlantic,South,Mid-Atlantic
10,Delaware,DE,2021,9.9%,"99,530",18%,18%,8%,200%,52%,49%,14.4%,"30,040",72%,28%,6.0%,"17,724",14.9%,"18,079",$3.56,$20.73,"$62,582,000",South Atlantic,South,Mid-Atlantic
10,Delaware,DE,2022,11.8%,"120,130",22%,25%,10%,200%,45%,55%,18.1%,"37,680",62%,38%,7.2%,"22,800",15.4%,"15,200",$3.96,$24.52,"$89,352,000",South Atlantic,South,Mid-Atlantic
10,Delaware,DE,2023,13.0%,"134,320",23%,25%,10%,200%,55%,45%,17.9%,"37,920",67%,33%,5.6%,"17,742",11.0%,"11,444",$3.54,$22.10,"$90,042,000",South Atlantic,South,Mid-Atlantic
11,District of Columbia,DC,2019,10.0%,"70,480",19%,8%,2%,200%,70%,30%,15.3%,"19,630",62%,38%,13.5%,"16,116",7.8%,"5,102",$4.09,$23.04,"$49,250,000",South Atlantic,South,Mid-Atlantic
11,District of Columbia,DC,2020,9.4%,"65,750",20%,11%,0%,200%,77%,23%,15.4%,"19,430",81%,19%,13.1%,"15,518",9.1%,"6,161",$4.16,$22.09,"$44,052,000",South Atlantic,South,Mid-Atlantic
11,District of Columbia,DC,2021,10.3%,"68,900",19%,8%,,200%,61%,39%,14.2%,"17,890",69%,31%,11.2%,"14,263",10.3%,"6,481",$4.38,$25.52,"$53,343,000",South Atlantic,South,Mid-Atlantic
11,District of Columbia,DC,2022,11.0%,"74,070",24%,15%,2%,200%,59%,41%,14.4%,"17,880",73%,27%,11.8%,"15,300",11.3%,"6,600",$4.88,$30.25,"$67,961,000",South Atlantic,South,Mid-Atlantic
11,District of Columbia,DC,2023,12.4%,"83,960",25%,15%,3%,200%,56%,44%,14.7%,"18,570",67%,33%,12.8%,"15,179",9.0%,"5,466",$4.41,$27.58,"$70,236,000",South Atlantic,South,Mid-Atlantic
12,Florida,FL,2019,12.0%,"2,567,300",21%,12%,10%,200%,68%,32%,16.8%,"709,810",67%,33%,6.7%,"381,128",9.6%,"289,241",$3.28,$18.50,"$1,440,472,000",South Atlantic,South,Southeast
12,Florida,FL,2020,10.6%,"2,252,050",21%,13%,8%,200%,73%,27%,15.7%,"660,500",75%,25%,7.8%,"461,273",8.0%,"234,865",$3.39,$18.01,"$1,230,605,000",South Atlantic,South,Southeast
12,Florida,FL,2021,10.6%,"2,314,370",19%,10%,8%,200%,57%,43%,14.3%,"613,180",69%,31%,8.5%,"527,979",6.7%,"190,435",$3.75,$21.84,"$1,533,552,000",South Atlantic,South,Southeast
12,Florida,FL,2022,13.2%,"2,935,330",24%,16%,10%,200%,54%,46%,19.1%,"819,940",66%,34%,10.0%,"629,200",9.0%,"255,300",$4.13,$25.62,"$2,281,165,000",South Atlantic,South,Southeast
12,Florida,FL,2023,14.4%,"3,247,180",26%,18%,11%,200%,61%,39%,18.4%,"806,870",67%,33%,10.7%,"683,494",12.0%,"337,148",$3.69,$23.06,"$2,271,603,000",South Atlantic,South,Southeast
13,Georgia,GA,2019,12.0%,"1,279,310",18%,14%,9%,130%,46%,54%,15.0%,"376,660",70%,30%,8.3%,"174,449",9.7%,"126,798",$3.04,$17.13,"$664,862,000",South Atlantic,South,Southeast
13,Georgia,GA,2020,10.9%,"1,141,880",19%,15%,7%,130%,50%,51%,14.4%,"360,210",79%,21%,9.0%,"196,729",10.9%,"143,818",$3.19,$16.91,"$585,596,000",South Atlantic,South,Southeast
13,Georgia,GA,2021,10.7%,"1,156,660",17%,12%,7%,130%,37%,63%,13.3%,"335,720",71%,29%,8.0%,"171,536",8.5%,"127,441",$3.52,$20.53,"$720,132,000",South Atlantic,South,Southeast
13,Georgia,GA,2022,13.1%,"1,426,880",21%,18%,10%,130%,33%,68%,18.4%,"461,720",71%,29%,8.5%,"190,800",9.0%,"140,200",$3.95,$24.47,"$1,059,257,000",South Atlantic,South,Southeast
13,Georgia,GA,2023,14.9%,"1,643,270",24%,20%,11%,130%,43%,57%,19.6%,"496,110",70%,30%,10.4%,"251,564",12.8%,"185,150",$3.55,$22.18,"$1,105,465,000",South Atlantic,South,Southeast
15,Hawaii,HI,2019,11.5%,"162,220",,17%,9%,200%,48%,52%,18.5%,"55,670",48%,52%,4.2%,"14,637",7.0%,"11,972",$3.50,$19.71,"$97,005,000",Pacific,West,Western
15,Hawaii,HI,2020,9.6%,"136,190",,19%,8%,200%,56%,45%,16.6%,"50,180",55%,44%,3.6%,"12,650",6.3%,"10,848",$3.79,$20.12,"$83,117,000",Pacific,West,Western
15,Hawaii,HI,2021,11.9%,"170,970",,16%,8%,200%,45%,55%,17.8%,"54,180",51%,49%,3.7%,"13,482",7.9%,"13,218",$4.61,$26.84,"$139,174,000",Pacific,West,Western
15,Hawaii,HI,2022,13.1%,"188,280",,23%,10%,200%,46%,54%,20.7%,"61,440",53%,47%,5.2%,"20,300",8.4%,"12,900",$5.01,$31.08,"$177,497,000",Pacific,West,Western
15,Hawaii,HI,2023,14.2%,"203,220",,24%,11%,200%,50%,50%,20.7%,"60,840",49%,51%,6.6%,"27,279",10.1%,"15,006",$4.39,$27.44,"$169,150,000",Pacific,West,Western
16,Idaho,ID,2019,10.0%,"179,580",,16%,10%,130%,47%,53%,11.1%,"49,830",75%,25%,4.3%,"17,254",9.0%,"17,757",$3.07,$17.29,"$94,193,000",Mountain,West,Western
16,Idaho,ID,2020,8.7%,"152,890",,17%,8%,130%,52%,48%,10.5%,"46,800",85%,15%,4.6%,"18,403",9.3%,"18,791",$3.33,$17.67,"$81,955,000",Mountain,West,Western
16,Idaho,ID,2021,8.2%,"156,640",,15%,8%,130%,37%,64%,8.6%,"40,410",82%,18%,5.4%,"22,517",9.1%,"20,145",$3.79,$22.05,"$104,775,000",Mountain,West,Western
16,Idaho,ID,2022,11.4%,"220,990",,21%,10%,130%,31%,69%,14.5%,"67,590",67%,33%,7.3%,"33,700",8.8%,"19,100",$4.19,$25.99,"$174,214,000",Mountain,West,Western
16,Idaho,ID,2023,12.7%,"250,260",,22%,11%,130%,37%,63%,16.2%,"75,640",65%,35%,7.8%,"36,637",7.1%,"16,184",$3.77,$23.57,"$178,921,000",Mountain,West,Western
17,Illinois,IL,2019,9.6%,"1,211,410",19%,13%,8%,165%,58%,42%,12.0%,"337,120",70%,30%,7.0%,"193,601",8.9%,"151,165",$3.00,$16.88,"$620,329,000",East North Central,Midwest,Midwest
17,Illinois,IL,2020,8.3%,"1,052,040",19%,14%,6%,165%,65%,36%,11.3%,"323,740",79%,21%,7.1%,"208,914",10.3%,"157,902",$3.19,$16.92,"$539,852,000",East North Central,Midwest,Midwest
17,Illinois,IL,2021,9.5%,"1,201,290",19%,12%,7%,165%,46%,54%,11.3%,"315,330",73%,27%,7.6%,"222,201",8.7%,"131,646",$3.58,$20.84,"$759,254,000",East North Central,Midwest,Midwest
17,Illinois,IL,2022,12.0%,"1,506,320",25%,19%,9%,165%,42%,58%,15.7%,"426,600",68%,32%,7.8%,"219,300",10.5%,"171,600",$3.98,$24.66,"$1,126,688,000",East North Central,Midwest,Midwest
17,Illinois,IL,2023,13.1%,"1,647,630",28%,21%,10%,165%,51%,49%,15.5%,"419,180",68%,32%,9.9%,"279,052",12.8%,"205,147",$3.58,$22.40,"$1,119,315,000",East North Central,Midwest,Midwest
18,Indiana,IN,2019,12.4%,"834,530",24%,18%,12%,130%,50%,50%,15.2%,"238,560",74%,26%,8.0%,"119,003",12.0%,"108,195",$2.74,$15.43,"$390,646,000",East North Central,Midwest,Midwest
18,Indiana,IN,2020,10.8%,"726,020",23%,18%,10%,130%,54%,46%,14.4%,"225,750",83%,17%,6.6%,"94,495",10.4%,"91,586",$2.84,$15.09,"$332,230,000",East North Central,Midwest,Midwest
18,Indiana,IN,2021,10.7%,"730,480",21%,16%,10%,130%,39%,61%,12.9%,"204,290",77%,23%,6.4%,"93,236",10.1%,"87,469",$3.17,$18.48,"$409,377,000",East North Central,Midwest,Midwest
18,Indiana,IN,2022,13.9%,"950,220",26%,22%,12%,130%,35%,65%,18.2%,"285,070",70%,30%,8.0%,"124,700",14.6%,"122,400",$3.54,$21.97,"$633,214,000",East North Central,Midwest,Midwest
18,Indiana,IN,2023,15.1%,"1,033,890",28%,24%,13%,130%,44%,56%,18.5%,"292,720",72%,28%,8.5%,"134,869",19.6%,"156,296",$3.20,$19.97,"$626,317,000",East North Central,Midwest,Midwest
19,Iowa,IA,2019,9.4%,"297,800",25%,15%,8%,160%,53%,47%,13.1%,"94,260",68%,32%,5.2%,"40,876",6.0%,"20,965",$2.88,$16.24,"$146,743,000",West North Central,Midwest,Midwest
19,Iowa,IA,2020,7.3%,"229,500",25%,15%,6%,160%,62%,39%,11.0%,"80,160",75%,25%,6.2%,"48,113",8.2%,"28,417",$3.05,$16.16,"$112,519,000",West North Central,Midwest,Midwest
19,Iowa,IA,2021,7.5%,"238,290",,12%,7%,160%,46%,54%,9.4%,"68,990",72%,28%,4.3%,"30,449",7.0%,"28,565",$3.44,$20.02,"$144,714,000",West North Central,Midwest,Midwest
19,Iowa,IA,2022,10.8%,"344,550",,18%,9%,160%,40%,60%,15.4%,"110,500",63%,37%,5.7%,"40,100",7.1%,"31,200",$3.80,$23.53,"$245,958,000",West North Central,Midwest,Midwest
19,Iowa,IA,2023,12.0%,"385,130",30%,21%,10%,160%,49%,51%,16.6%,"120,220",64%,36%,6.7%,"51,536",10.0%,"42,763",$3.40,$21.26,"$248,383,000",West North Central,Midwest,Midwest
20,Kansas,KS,2019,12.1%,"351,090",24%,17%,11%,130%,41%,59%,17.2%,"120,290",61%,39%,8.8%,"56,169",10.7%,"35,375",$2.96,$16.66,"$177,384,000",West North Central,Midwest,Mountain Plains
20,Kansas,KS,2020,9.7%,"281,520",24%,18%,8%,130%,46%,54%,14.6%,"102,760",71%,29%,6.5%,"42,373",11.1%,"36,002",$3.04,$16.12,"$137,666,000",West North Central,Midwest,Mountain Plains
20,Kansas,KS,2021,9.9%,"291,430",24%,15%,8%,130%,34%,66%,13.4%,"93,960",65%,35%,4.6%,"31,203",7.9%,"25,197",$3.45,$20.11,"$177,792,000",West North Central,Midwest,Mountain Plains
20,Kansas,KS,2022,13.1%,"383,910",28%,22%,11%,130%,33%,67%,19.1%,"131,430",63%,37%,5.9%,"39,700",4.9%,"15,800",$3.86,$23.94,"$278,743,000",West North Central,Midwest,Mountain Plains
20,Kansas,KS,2023,14.0%,"410,760",30%,24%,11%,130%,40%,60%,18.4%,"126,260",65%,35%,7.5%,"51,008",8.7%,"28,222",$3.42,$21.38,"$266,434,000",West North Central,Midwest,Mountain Plains
21,Kentucky,KY,2019,14.4%,"644,540",21%,19%,15%,200%,69%,31%,17.7%,"176,990",70%,30%,10.4%,"104,645",16.9%,"95,170",$2.75,$15.49,"$302,792,000",East South Central,South,Southeast
21,Kentucky,KY,2020,12.9%,"575,300",22%,18%,12%,200%,75%,25%,16.1%,"162,100",79%,21%,10.8%,"109,403",15.5%,"92,741",$2.79,$14.81,"$258,458,000",East South Central,South,Southeast
21,Kentucky,KY,2021,12.9%,"579,770",21%,15%,12%,200%,65%,36%,15.2%,"154,290",73%,27%,6.9%,"76,479",14.6%,"77,726",$3.11,$18.12,"$318,670,000",East South Central,South,Southeast
21,Kentucky,KY,2022,15.7%,"710,000",26%,21%,15%,200%,62%,38%,20.7%,"208,330",70%,30%,7.7%,"88,800",13.5%,"67,600",$3.49,$21.61,"$465,370,000",East South Central,South,Southeast
21,Kentucky,KY,2023,16.6%,"753,410",28%,21%,16%,200%,71%,30%,21.1%,"213,830",73%,27%,12.0%,"131,410",14.6%,"79,806",$3.19,$19.96,"$456,202,000",East South Central,South,Southeast
22,Louisiana,LA,2019,15.5%,"718,360",23%,17%,11%,130%,56%,44%,23.0%,"249,520",68%,32%,9.9%,"101,842",11.3%,"66,657",$2.97,$16.74,"$364,715,000",West South Central,South,Southwest
22,Louisiana,LA,2020,13.7%,"640,540",23%,18%,9%,130%,58%,42%,21.5%,"236,010",77%,23%,12.0%,"127,073",11.1%,"60,219",$3.03,$16.11,"$312,959,000",West South Central,South,Southwest
22,Louisiana,LA,2021,14.8%,"683,110",22%,15%,10%,130%,47%,54%,21.6%,"234,120",73%,27%,13.4%,"147,812",8.4%,"43,569",$3.39,$19.77,"$409,582,000",West South Central,South,Southwest
22,Louisiana,LA,2022,16.9%,"777,140",27%,22%,13%,130%,42%,58%,25.3%,"267,950",74%,26%,14.0%,"148,500",11.8%,"61,800",$3.79,$23.47,"$553,180,000",West South Central,South,Southwest
22,Louisiana,LA,2023,18.1%,"827,690",29%,24%,14%,200%,68%,32%,23.4%,"248,630",75%,25%,13.0%,"131,512",15.3%,"85,625",$3.37,$21.05,"$528,465,000",West South Central,South,Southwest
23,Maine,ME,2019,12.4%,"166,910",,,13%,185%,57%,43%,18.0%,"44,270",60%,40%,6.0%,"23,685",7.5%,"13,566",$3.71,$20.90,"$105,832,000",New England,Northeast,Northeast
23,Maine,ME,2020,10.4%,"139,410",,,10%,185%,64%,36%,15.9%,"39,990",68%,32%,5.2%,"21,203",4.2%,"7,460",$3.68,$19.52,"$82,539,000",New England,Northeast,Northeast
23,Maine,ME,2021,10.5%,"144,290",,,11%,185%,44%,56%,14.6%,"36,490",58%,42%,4.3%,"19,080",5.3%,"8,215",$3.83,$22.30,"$97,584,000",New England,Northeast,Northeast
23,Maine,ME,2022,13.0%,"179,680",,,13%,200%,49%,52%,18.7%,"45,790",59%,41%,3.7%,"16,100",14.9%,"24,000",$4.19,$25.98,"$141,588,000",New England,Northeast,Northeast
23,Maine,ME,2023,13.8%,"191,920",,,14%,200%,58%,42%,20.6%,"50,610",64%,36%,4.9%,"21,719",17.3%,"27,898",$3.76,$23.47,"$136,634,000",New England,Northeast,Northeast
24,Maryland,MD,2019,10.6%,"640,180",16%,11%,7%,200%,58%,42%,14.4%,"192,230",61%,39%,5.1%,"68,162",4.9%,"37,251",$3.24,$18.25,"$354,460,000",South Atlantic,South,Mid-Atlantic
24,Maryland,MD,2020,9.0%,"543,650",17%,11%,5%,200%,64%,36%,12.5%,"167,020",68%,32%,5.7%,"77,438",6.5%,"50,574",$3.42,$18.13,"$298,916,000",South Atlantic,South,Mid-Atlantic
24,Maryland,MD,2021,9.7%,"600,970",16%,9%,5%,200%,52%,48%,12.1%,"164,160",66%,34%,7.2%,"100,554",9.8%,"77,094",$3.76,$21.89,"$399,003,000",South Atlantic,South,Mid-Atlantic
24,Maryland,MD,2022,12.2%,"749,260",21%,15%,7%,200%,49%,51%,16.4%,"221,210",59%,41%,6.8%,"95,300",11.4%,"96,800",$4.16,$25.79,"$586,058,000",South Atlantic,South,Mid-Atlantic
24,Maryland,MD,2023,13.3%,"824,930",24%,17%,8%,200%,54%,47%,16.1%,"219,040",58%,42%,6.9%,"97,938",12.1%,"101,618",$3.71,$23.18,"$579,934,000",South Atlantic,South,Mid-Atlantic
25,Massachusetts,MA,2019,8.2%,"566,930",18%,17%,7%,200%,64%,36%,9.0%,"121,560",76%,24%,5.5%,"86,935",7.8%,"75,228",$3.69,$20.77,"$357,197,000",New England,Northeast,Northeast
25,Massachusetts,MA,2020,7.2%,"497,250",20%,19%,5%,200%,73%,27%,8.8%,"119,330",84%,16%,5.3%,"86,887",7.6%,"71,699",$3.81,$20.23,"$305,162,000",New England,Northeast,Northeast
25,Massachusetts,MA,2021,8.1%,"564,030",20%,16%,5%,200%,58%,42%,8.4%,"113,960",78%,22%,6.4%,"110,664",9.0%,"80,204",$4.00,$23.31,"$398,865,000",New England,Northeast,Northeast
25,Massachusetts,MA,2022,10.2%,"713,870",23%,21%,8%,200%,53%,47%,12.7%,"169,800",65%,36%,7.1%,"125,200",9.4%,"83,200",$4.41,$27.35,"$592,150,000",New England,Northeast,Northeast
25,Massachusetts,MA,2023,11.5%,"804,180",26%,22%,8%,200%,58%,42%,13.2%,"177,040",68%,32%,7.8%,"133,388",9.1%,"84,459",$3.96,$24.72,"$602,917,000",New England,Northeast,Northeast
26,Michigan,MI,2019,13.0%,"1,299,020",26%,19%,12%,200%,65%,35%,14.1%,"302,530",72%,28%,5.8%,"145,409",9.6%,"123,039",$2.93,$16.52,"$650,777,000",East North Central,Midwest,Midwest
26,Michigan,MI,2020,11.5%,"1,150,150",26%,20%,9%,200%,73%,27%,13.7%,"297,150",83%,17%,5.3%,"131,881",10.5%,"139,127",$3.01,$15.96,"$556,819,000",East North Central,Midwest,Midwest
26,Michigan,MI,2021,11.7%,"1,177,820",26%,16%,10%,200%,58%,42%,13.1%,"282,320",78%,22%,6.0%,"152,554",8.7%,"108,312",$3.34,$19.48,"$696,000,000",East North Central,Midwest,Midwest
26,Michigan,MI,2022,14.2%,"1,423,000",31%,19%,12%,200%,56%,44%,17.9%,"378,040",72%,28%,6.5%,"167,700",9.6%,"117,300",$3.74,$23.15,"$999,258,000",East North Central,Midwest,Midwest
26,Michigan,MI,2023,15.4%,"1,544,250",33%,20%,13%,200%,63%,37%,19.1%,"402,680",71%,29%,8.4%,"206,580",15.1%,"194,840",$3.37,$21.07,"$986,854,000",East North Central,Midwest,Midwest
27,Minnesota,MN,2019,7.7%,"432,170",26%,21%,6%,165%,59%,41%,10.9%,"141,910",74%,26%,2.9%,"34,962",7.7%,"60,106",$3.16,$17.80,"$233,398,000",West North Central,Midwest,Midwest
27,Minnesota,MN,2020,6.0%,"338,000",25%,19%,4%,165%,69%,31%,9.3%,"121,140",91%,9%,3.8%,"45,519",5.8%,"47,228",$3.33,$17.69,"$181,349,000",West North Central,Midwest,Midwest
27,Minnesota,MN,2021,6.8%,"390,000",25%,17%,5%,200%,60%,41%,9.2%,"120,650",86%,14%,3.8%,"47,362",5.3%,"41,669",$3.80,$22.12,"$261,716,000",West North Central,Midwest,Midwest
27,Minnesota,MN,2022,9.4%,"537,890",29%,23%,7%,200%,53%,47%,14.2%,"183,480",66%,34%,3.4%,"44,600",4.7%,"32,500",$4.23,$26.20,"$427,403,000",West North Central,Midwest,Midwest
27,Minnesota,MN,2023,10.4%,"596,190",34%,25%,8%,200%,58%,42%,14.3%,"185,010",68%,32%,5.0%,"69,568",7.9%,"48,166",$3.74,$23.35,"$422,352,000",West North Central,Midwest,Midwest
28,Mississippi,MS,2019,18.5%,"550,370",28%,18%,13%,130%,54%,46%,22.4%,"156,120",74%,26%,11.7%,"80,381",13.4%,"47,483",$2.90,$16.36,"$273,100,000",East South Central,South,Southeast
28,Mississippi,MS,2020,16.2%,"483,700",27%,22%,11%,130%,55%,45%,20.4%,"144,320",80%,20%,12.2%,"81,318",11.8%,"43,617",$2.97,$15.77,"$231,420,000",East South Central,South,Southeast
28,Mississippi,MS,2021,16.3%,"480,600",26%,20%,11%,130%,42%,58%,18.8%,"130,240",73%,27%,12.6%,"83,993",13.2%,"51,561",$3.28,$19.12,"$278,685,000",East South Central,South,Southeast
28,Mississippi,MS,2022,18.8%,"553,610",30%,27%,14%,130%,39%,61%,23.6%,"159,370",75%,25%,13.0%,"93,400",16.4%,"57,400",$3.69,$22.90,"$384,543,000",East South Central,South,Southeast
28,Mississippi,MS,2023,19.4%,"571,660",32%,29%,15%,130%,50%,50%,23.0%,"155,190",76%,24%,12.2%,"88,524",19.6%,"65,765",$3.37,$21.04,"$364,883,000",East South Central,South,Southeast
29,Missouri,MO,2019,13.2%,"809,680",27%,15%,11%,130%,46%,54%,15.2%,"208,900",66%,34%,7.3%,"101,919",12.1%,"101,043",$2.96,$16.69,"$409,972,000",West North Central,Midwest,Mountain Plains
29,Missouri,MO,2020,11.4%,"695,830",27%,13%,9%,130%,49%,51%,14.1%,"194,070",77%,23%,7.3%,"95,785",13.4%,"118,175",$3.07,$16.31,"$344,295,000",West North Central,Midwest,Mountain Plains
29,Missouri,MO,2021,11.6%,"715,170",26%,12%,10%,130%,36%,64%,12.8%,"177,320",72%,28%,7.9%,"110,253",12.6%,"110,406",$3.45,$20.12,"$436,393,000",West North Central,Midwest,Mountain Plains
29,Missouri,MO,2022,15.0%,"924,180",31%,19%,12%,130%,34%,66%,18.7%,"254,720",66%,34%,7.8%,"113,300",8.2%,"74,400",$3.84,$23.83,"$668,008,000",West North Central,Midwest,Mountain Plains
29,Missouri,MO,2023,15.4%,"951,330",33%,21%,13%,130%,41%,59%,18.1%,"248,620",68%,32%,6.3%,"91,524",8.8%,"74,200",$3.47,$21.66,"$624,946,000",West North Central,Midwest,Mountain Plains
30,Montana,MT,2019,10.4%,"111,080",,14%,9%,200%,61%,39%,15.7%,"35,500",61%,39%,4.4%,"12,595",6.5%,"8,169",$2.95,$16.63,"$56,049,000",Mountain,West,Mountain Plains
30,Montana,MT,2020,8.5%,"90,220",,16%,7%,200%,73%,27%,13.6%,"31,010",75%,25%,3.6%,"10,195",8.5%,"10,547",$2.98,$15.80,"$43,238,000",Mountain,West,Mountain Plains
30,Montana,MT,2021,8.5%,"93,720",,13%,8%,200%,56%,44%,12.1%,"28,410",66%,34%,4.3%,"12,825",8.7%,"9,971",$3.39,$19.76,"$56,173,000",Mountain,West,Mountain Plains
30,Montana,MT,2022,11.7%,"130,980",,19%,10%,200%,52%,48%,16.9%,"39,580",61%,39%,5.7%,"17,900",8.6%,"9,500",$3.83,$23.73,"$94,273,000",Mountain,West,Mountain Plains
30,Montana,MT,2023,12.3%,"139,890",,20%,11%,200%,59%,41%,17.0%,"40,100",64%,36%,7.6%,"24,185",11.8%,"13,605",$3.45,$21.58,"$91,572,000",Mountain,West,Mountain Plains
31,Nebraska,NE,2019,11.7%,"225,580",31%,22%,10%,130%,43%,57%,15.4%,"73,110",63%,37%,4.6%,"19,345",14.6%,"32,601",$2.90,$16.34,"$111,822,000",West North Central,Midwest,Mountain Plains
31,Nebraska,NE,2020,9.8%,"188,080",31%,22%,8%,165%,60%,40%,13.5%,"64,190",72%,28%,4.7%,"19,928",14.0%,"32,113",$2.97,$15.77,"$89,964,000",West North Central,Midwest,Mountain Plains
31,Nebraska,NE,2021,10.0%,"195,670",30%,20%,8%,165%,44%,56%,12.0%,"58,070",68%,32%,4.7%,"20,236",13.1%,"31,341",$3.38,$19.66,"$116,694,000",West North Central,Midwest,Mountain Plains
31,Nebraska,NE,2022,13.6%,"267,960",35%,28%,11%,165%,41%,59%,19.2%,"91,240",60%,40%,4.5%,"20,200",13.0%,"31,000",$3.71,$23.02,"$187,107,000",West North Central,Midwest,Mountain Plains
31,Nebraska,NE,2023,14.5%,"287,240",38%,31%,11%,165%,50%,50%,19.2%,"91,930",60%,40%,4.2%,"20,106",14.0%,"30,671",$3.34,$20.90,"$182,066,000",West North Central,Midwest,Mountain Plains
32,Nevada,NV,2019,12.1%,"373,370",20%,16%,10%,200%,67%,33%,18.2%,"125,870",61%,39%,8.9%,"64,039",10.9%,"38,806",$3.11,$17.54,"$198,678,000",Mountain,West,Western
32,Nevada,NV,2020,11.0%,"332,040",22%,17%,8%,200%,71%,29%,16.9%,"116,360",69%,31%,6.2%,"45,111",10.8%,"40,603",$3.23,$17.13,"$172,562,000",Mountain,West,Western
32,Nevada,NV,2021,13.0%,"409,540",21%,14%,9%,200%,57%,43%,18.5%,"129,350",65%,35%,4.6%,"35,255",11.3%,"43,662",$3.50,$20.37,"$253,036,000",Mountain,West,Western
32,Nevada,NV,2022,14.4%,"456,700",26%,20%,12%,200%,53%,47%,20.9%,"144,290",64%,36%,7.1%,"54,600",12.4%,"49,700",$3.88,$24.07,"$333,490,000",Mountain,West,Western
32,Nevada,NV,2023,15.1%,"481,460",28%,21%,12%,200%,62%,38%,20.0%,"136,580",68%,32%,9.5%,"75,001",13.2%,"50,510",$3.47,$21.66,"$316,369,000",Mountain,West,Western
33,New Hampshire,NH,2019,8.8%,"119,990",10%,23%,9%,185%,46%,54%,10.8%,"27,770",55%,45%,3.2%,"10,363",4.8%,"10,189",$3.48,$19.63,"$71,451,000",New England,Northeast,Northeast
33,New Hampshire,NH,2020,7.0%,"94,450",10%,24%,6%,185%,53%,47%,9.5%,"24,360",65%,35%,3.0%,"9,785",4.2%,"9,566",$3.58,$18.98,"$54,390,000",New England,Northeast,Northeast
33,New Hampshire,NH,2021,6.8%,"93,940",,22%,7%,185%,38%,62%,8.5%,"21,670",63%,37%,2.9%,"11,279",4.0%,"7,809",$3.71,$21.62,"$61,604,000",New England,Northeast,Northeast
33,New Hampshire,NH,2022,9.7%,"135,200",,28%,9%,200%,41%,59%,13.4%,"33,720",47%,53%,3.5%,"15,000",5.2%,"8,900",$4.11,$25.46,"$104,419,000",New England,Northeast,Northeast
33,New Hampshire,NH,2023,10.7%,"149,820",,28%,10%,200%,47%,53%,14.4%,"36,160",49%,51%,5.2%,"21,447",5.4%,"10,159",$3.70,$23.11,"$105,021,000",New England,Northeast,Northeast
34,New Jersey,NJ,2019,8.6%,"762,530",16%,17%,5%,185%,62%,38%,9.9%,"191,890",81%,19%,6.4%,"130,935",7.5%,"98,669",$3.41,$19.23,"$444,703,000",Middle Atlantic,Northeast,Mid-Atlantic
34,New Jersey,NJ,2020,7.4%,"657,320",17%,17%,3%,185%,70%,30%,9.0%,"175,830",88%,12%,6.1%,"125,178",9.7%,"123,063",$3.60,$19.13,"$381,360,000",Middle Atlantic,Northeast,Mid-Atlantic
34,New Jersey,NJ,2021,8.8%,"812,440",16%,15%,4%,185%,49%,51%,9.8%,"197,280",80%,19%,6.4%,"134,666",10.5%,"129,873",$3.77,$21.96,"$541,297,000",Middle Atlantic,Northeast,Mid-Atlantic
34,New Jersey,NJ,2022,10.7%,"994,800",21%,20%,6%,185%,45%,55%,13.2%,"263,260",72%,28%,7.4%,"160,700",7.4%,"90,400",$4.19,$25.96,"$783,284,000",Middle Atlantic,Northeast,Mid-Atlantic
34,New Jersey,NJ,2023,11.7%,"1,089,190",24%,22%,7%,185%,55%,45%,13.5%,"271,650",72%,28%,8.8%,"202,747",8.5%,"94,351",$3.74,$23.39,"$772,854,000",Middle Atlantic,Northeast,Mid-Atlantic
35,New Mexico,NM,2019,14.2%,"298,030",22%,16%,10%,165%,70%,30%,22.1%,"104,560",68%,32%,12.4%,"63,718",12.5%,"32,592",$2.95,$16.62,"$150,238,000",Mountain,West,Southwest
35,New Mexico,NM,2020,12.9%,"271,210",21%,16%,8%,165%,74%,26%,20.5%,"99,100",76%,24%,8.4%,"43,841",12.3%,"32,164",$3.02,$16.01,"$131,722,000",Mountain,West,Southwest
35,New Mexico,NM,2021,13.5%,"285,220",21%,14%,9%,165%,57%,43%,19.2%,"90,490",66%,34%,5.9%,"29,383",13.0%,"32,486",$3.35,$19.52,"$168,875,000",Mountain,West,Southwest
35,New Mexico,NM,2022,15.2%,"321,370",27%,20%,11%,165%,55%,45%,22.0%,"100,420",70%,30%,7.4%,"37,500",12.5%,"32,200",$3.71,$23.02,"$224,401,000",Mountain,West,Southwest
35,New Mexico,NM,2023,16.6%,"350,010",30%,21%,12%,200%,76%,24%,23.3%,"104,390",78%,22%,10.7%,"59,360",18.4%,"46,136",$3.32,$20.76,"$220,456,000",Mountain,West,Southwest
36,New York,NY,2019,10.7%,"2,090,550",18%,19%,7%,200%,69%,31%,15.7%,"630,860",74%,26%,7.3%,"341,974",9.8%,"245,816",$3.31,$18.65,"$1,182,879,000",Middle Atlantic,Northeast,Northeast
36,New York,NY,2020,9.6%,"1,882,580",19%,19%,5%,200%,77%,23%,14.6%,"596,060",85%,15%,7.6%,"368,284",10.5%,"251,599",$3.52,$18.70,"$1,067,592,000",Middle Atlantic,Northeast,Northeast
36,New York,NY,2021,11.4%,"2,265,160",18%,17%,6%,200%,61%,40%,15.4%,"633,790",77%,23%,6.6%,"311,500",10.8%,"256,455",$3.78,$22.04,"$1,514,465,000",Middle Atlantic,Northeast,Northeast
36,New York,NY,2022,13.4%,"2,638,700",23%,24%,8%,200%,58%,42%,18.8%,"747,520",77%,23%,8.2%,"382,700",12.6%,"312,100",$4.20,$26.02,"$2,082,568,000",Middle Atlantic,Northeast,Northeast
36,New York,NY,2023,14.5%,"2,831,080",25%,26%,9%,200%,65%,35%,19.0%,"750,180",78%,22%,9.9%,"478,267",12.7%,"328,931",$3.78,$23.60,"$2,026,262,000",Middle Atlantic,Northeast,Northeast
37,North Carolina,NC,2019,13.5%,"1,417,440",23%,20%,10%,200%,67%,33%,18.2%,"417,240",75%,25%,7.5%,"177,967",9.0%,"111,538",$2.99,$16.86,"$724,977,000",South Atlantic,South,Southeast
37,North Carolina,NC,2020,12.0%,"1,245,870",23%,20%,8%,200%,73%,27%,17.1%,"394,300",81%,19%,7.7%,"192,990",11.1%,"139,586",$3.13,$16.61,"$627,626,000",South Atlantic,South,Southeast
37,North Carolina,NC,2021,11.8%,"1,248,880",21%,17%,8%,200%,59%,41%,15.4%,"353,450",75%,25%,7.2%,"193,675",10.6%,"141,474",$3.51,$20.45,"$774,541,000",South Atlantic,South,Southeast
37,North Carolina,NC,2022,14.0%,"1,493,870",26%,22%,10%,200%,55%,45%,19.6%,"448,460",72%,28%,7.2%,"191,100",9.7%,"137,300",$3.91,$24.26,"$1,099,431,000",South Atlantic,South,Southeast
37,North Carolina,NC,2023,15.0%,"1,627,360",28%,23%,11%,200%,62%,38%,18.9%,"438,200",73%,27%,6.9%,"191,150",11.5%,"150,593",$3.50,$21.89,"$1,080,608,000",South Atlantic,South,Southeast
38,North Dakota,ND,2019,6.7%,"51,380",,,5%,200%,62%,39%,9.4%,"16,580",70%,30%,3.3%,"5,671",6.7%,"5,132",$3.18,$17.90,"$27,899,000",West North Central,Midwest,Mountain Plains
38,North Dakota,ND,2020,4.8%,"36,130",,,4%,200%,76%,24%,8.1%,"14,490",78%,22%,2.9%,"5,058",7.4%,"5,923",$3.06,$16.26,"$17,821,000",West North Central,Midwest,Mountain Plains
38,North Dakota,ND,2021,5.5%,"42,290",,,4%,200%,62%,39%,7.5%,"13,690",78%,22%,2.8%,"4,876",6.2%,"4,906",$3.43,$20.00,"$25,658,000",West North Central,Midwest,Mountain Plains
38,North Dakota,ND,2022,8.5%,"66,310",,,7%,200%,49%,51%,13.5%,"24,350",55%,45%,3.0%,"5,400",4.4%,"3,200",$3.84,$23.78,"$47,834,000",West North Central,Midwest,Mountain Plains
38,North Dakota,ND,2023,9.9%,"77,880",,,8%,200%,54%,46%,13.6%,"24,510",49%,51%,3.8%,"6,677",6.0%,"4,343",$3.43,$21.44,"$50,638,000",West North Central,Midwest,Mountain Plains
39,Ohio,OH,2019,13.2%,"1,547,110",25%,21%,12%,130%,49%,51%,17.4%,"447,350",72%,28%,7.2%,"203,026",10.8%,"167,983",$2.86,$16.14,"$757,327,000",East North Central,Midwest,Midwest
39,Ohio,OH,2020,11.6%,"1,351,090",25%,20%,10%,130%,53%,47%,15.9%,"412,670",81%,19%,5.6%,"165,699",10.2%,"156,579",$3.01,$15.96,"$654,099,000",East North Central,Midwest,Midwest
39,Ohio,OH,2021,11.8%,"1,391,290",25%,18%,10%,130%,39%,61%,14.8%,"386,430",75%,25%,4.9%,"148,693",11.6%,"166,353",$3.40,$19.80,"$835,411,000",East North Central,Midwest,Midwest
39,Ohio,OH,2022,14.1%,"1,653,610",29%,25%,12%,130%,36%,64%,19.8%,"505,430",69%,31%,6.5%,"198,600",10.6%,"143,800",$3.78,$23.41,"$1,174,406,000",East North Central,Midwest,Midwest
39,Ohio,OH,2023,15.3%,"1,800,530",31%,26%,13%,130%,44%,56%,20.1%,"517,450",72%,28%,8.3%,"249,579",12.9%,"183,182",$3.39,$21.21,"$1,158,299,000",East North Central,Midwest,Midwest
40,Oklahoma,OK,2019,14.7%,"583,570",24%,16%,13%,130%,47%,53%,20.8%,"197,690",66%,34%,8.3%,"72,624",15.7%,"73,797",$2.89,$16.28,"$288,155,000",West South Central,South,Southwest
40,Oklahoma,OK,2020,13.0%,"514,990",24%,17%,11%,130%,49%,51%,19.2%,"183,720",73%,27%,8.1%,"69,828",14.6%,"68,790",$2.99,$15.90,"$248,310,000",West South Central,South,Southwest
40,Oklahoma,OK,2021,14.1%,"561,640",25%,14%,11%,130%,38%,62%,19.1%,"182,930",65%,35%,9.4%,"81,019",14.7%,"68,004",$3.37,$19.62,"$334,213,000",West South Central,South,Southwest
40,Oklahoma,OK,2022,16.7%,"672,170",29%,20%,14%,130%,35%,65%,23.5%,"223,890",66%,34%,9.9%,"88,700",14.1%,"62,100",$3.77,$23.36,"$476,191,000",West South Central,South,Southwest
40,Oklahoma,OK,2023,18.4%,"745,130",32%,22%,15%,130%,45%,55%,24.0%,"231,800",67%,33%,9.9%,"90,710",11.1%,"49,097",$3.35,$20.94,"$473,267,000",West South Central,South,Southwest
41,Oregon,OR,2019,11.5%,"486,200",26%,21%,11%,185%,60%,40%,14.6%,"126,350",63%,37%,4.0%,"39,973",8.1%,"44,255",$3.13,$17.63,"$260,033,000",Pacific,West,Western
41,Oregon,OR,2020,9.8%,"407,840",27%,21%,9%,200%,75%,25%,13.2%,"114,460",80%,20%,4.5%,"46,137",7.4%,"39,482",$3.32,$17.63,"$218,100,000",Pacific,West,Western
41,Oregon,OR,2021,10.5%,"447,260",24%,17%,9%,200%,58%,42%,12.4%,"106,470",74%,26%,6.9%,"71,836",6.3%,"30,905",$3.72,$21.64,"$293,564,000",Pacific,West,Western
41,Oregon,OR,2022,13.1%,"554,550",30%,23%,12%,200%,55%,45%,17.3%,"144,210",64%,36%,7.4%,"78,500",10.5%,"51,900",$4.19,$25.99,"$437,114,000",Pacific,West,Western
41,Oregon,OR,2023,14.2%,"599,460",34%,24%,13%,200%,60%,40%,17.5%,"145,060",62%,38%,7.0%,"75,318",16.4%,"83,459",$3.80,$23.74,"$431,761,000",Pacific,West,Western
42,Pennsylvania,PA,2019,10.6%,"1,353,730",23%,20%,9%,160%,57%,43%,14.7%,"385,880",71%,29%,6.2%,"200,016",9.8%,"147,659",$3.17,$17.87,"$733,806,000",Middle Atlantic,Northeast,Mid-Atlantic
42,Pennsylvania,PA,2020,8.9%,"1,136,400",22%,21%,7%,160%,61%,39%,13.1%,"347,720",82%,18%,5.0%,"162,142",7.2%,"110,994",$3.36,$17.82,"$614,301,000",Middle Atlantic,Northeast,Mid-Atlantic
42,Pennsylvania,PA,2021,9.4%,"1,219,130",22%,19%,7%,200%,54%,46%,12.2%,"325,170",77%,23%,4.7%,"158,297",6.4%,"101,570",$3.65,$21.23,"$785,193,000",Middle Atlantic,Northeast,Mid-Atlantic
42,Pennsylvania,PA,2022,11.9%,"1,538,100",27%,25%,9%,200%,51%,49%,16.6%,"436,250",69%,31%,6.6%,"227,100",7.3%,"117,500",$4.05,$25.08,"$1,170,030,000",Middle Atlantic,Northeast,Mid-Atlantic
42,Pennsylvania,PA,2023,13.2%,"1,710,480",30%,27%,10%,200%,59%,41%,18.1%,"475,230",69%,31%,6.7%,"227,640",10.5%,"164,835",$3.61,$22.56,"$1,170,335,000",Middle Atlantic,Northeast,Mid-Atlantic
44,Rhode Island,RI,2019,9.5%,"101,100",20%,19%,9%,185%,59%,41%,14.1%,"28,730",73%,27%,5.3%,"13,817",13.8%,"17,480",$3.42,$19.28,"$59,135,000",New England,Northeast,Northeast
44,Rhode Island,RI,2020,8.4%,"88,550",20%,18%,6%,185%,65%,35%,13.0%,"26,750",81%,19%,6.0%,"15,581",11.7%,"15,648",$3.62,$19.21,"$51,594,000",New England,Northeast,Northeast
44,Rhode Island,RI,2021,9.3%,"102,130",18%,15%,7%,185%,48%,52%,12.9%,"26,860",76%,24%,5.2%,"13,713",8.6%,"12,267",$3.87,$22.55,"$69,859,000",New England,Northeast,Northeast
44,Rhode Island,RI,2022,10.9%,"118,890",22%,21%,9%,185%,43%,57%,14.7%,"29,770",66%,34%,4.1%,"11,100",8.7%,"11,700",$4.24,$26.25,"$94,670,000",New England,Northeast,Northeast
44,Rhode Island,RI,2023,12.3%,"135,200",26%,22%,9%,185%,56%,44%,15.2%,"30,930",71%,29%,4.5%,"12,649",12.3%,"15,017",$3.80,$23.76,"$97,441,000",New England,Northeast,Northeast
45,South Carolina,SC,2019,10.8%,"555,630",18%,14%,9%,130%,55%,46%,14.6%,"162,780",66%,34%,8.5%,"108,639",11.7%,"79,093",$2.94,$16.57,"$279,337,000",South Atlantic,South,Southeast
45,South Carolina,SC,2020,9.6%,"489,510",19%,14%,7%,130%,58%,42%,13.8%,"153,330",74%,26%,9.3%,"122,908",10.8%,"70,182",$3.09,$16.39,"$243,334,000",South Atlantic,South,Southeast
45,South Carolina,SC,2021,9.9%,"515,350",19%,11%,7%,130%,43%,57%,12.6%,"141,110",68%,32%,10.4%,"142,043",12.0%,"79,323",$3.41,$19.88,"$310,808,000",South Atlantic,South,Southeast
45,South Carolina,SC,2022,12.8%,"678,710",24%,18%,9%,130%,37%,63%,17.7%,"197,310",66%,34%,9.8%,"137,600",14.7%,"98,900",$3.80,$23.52,"$484,311,000",South Atlantic,South,Southeast
45,South Carolina,SC,2023,14.1%,"757,840",26%,20%,10%,130%,47%,53%,17.2%,"196,320",71%,29%,8.6%,"125,465",14.4%,"88,066",$3.41,$21.32,"$490,182,000",South Atlantic,South,Southeast
46,South Dakota,SD,2019,10.3%,"91,510",,12%,8%,130%,46%,54%,15.3%,"32,860",67%,33%,5.0%,"10,320",7.8%,"7,538",$3.06,$17.23,"$47,824,000",West North Central,Midwest,Mountain Plains
46,South Dakota,SD,2020,8.5%,"74,850",,13%,7%,130%,51%,49%,13.5%,"29,070",76%,24%,5.0%,"10,466",9.4%,"9,715",$3.12,$16.56,"$37,591,000",West North Central,Midwest,Mountain Plains
46,South Dakota,SD,2021,8.1%,"72,900",,11%,7%,130%,39%,61%,11.2%,"24,750",67%,33%,3.4%,"6,703",10.6%,"11,995",$3.57,$20.78,"$45,943,000",West North Central,Midwest,Mountain Plains
46,South Dakota,SD,2022,11.7%,"106,170",,18%,9%,130%,35%,65%,17.7%,"38,780",62%,38%,3.6%,"7,300",10.4%,"11,300",$3.94,$24.42,"$78,632,000",West North Central,Midwest,Mountain Plains
46,South Dakota,SD,2023,12.4%,"113,750",,19%,10%,130%,44%,56%,18.3%,"39,960",75%,25%,4.1%,"9,060",7.7%,"7,954",$3.51,$21.93,"$75,665,000",West North Central,Midwest,Mountain Plains
47,Tennessee,TN,2019,13.3%,"905,090",22%,22%,12%,130%,51%,49%,15.7%,"237,510",72%,28%,6.5%,"100,653",14.6%,"134,778",$3.07,$17.33,"$475,763,000",East South Central,South,Southeast
47,Tennessee,TN,2020,11.9%,"809,170",23%,21%,10%,130%,56%,44%,15.5%,"233,620",82%,18%,6.8%,"108,158",12.5%,"113,821",$3.17,$16.85,"$413,604,000",East South Central,South,Southeast
47,Tennessee,TN,2021,11.5%,"800,970",21%,17%,10%,130%,39%,61%,12.8%,"197,490",78%,22%,6.9%,"109,485",11.1%,"100,995",$3.53,$20.58,"$499,905,000",East South Central,South,Southeast
47,Tennessee,TN,2022,14.0%,"984,430",26%,23%,12%,130%,35%,65%,17.9%,"274,320",74%,26%,8.4%,"137,800",11.9%,"102,800",$3.97,$24.59,"$734,362,000",East South Central,South,Southeast
47,Tennessee,TN,2023,15.6%,"1,111,150",28%,23%,13%,130%,45%,55%,19.8%,"308,920",73%,27%,7.5%,"130,623",12.5%,"110,869",$3.60,$22.48,"$757,758,000",East South Central,South,Southeast
48,Texas,TX,2019,14.1%,"4,092,850",22%,17%,9%,165%,62%,38%,19.8%,"1,462,920",67%,33%,10.4%,"541,147",11.6%,"404,662",$2.68,$15.08,"$1,872,381,000",West South Central,South,Southwest
48,Texas,TX,2020,13.0%,"3,720,710",24%,19%,7%,165%,65%,36%,18.9%,"1,395,890",74%,26%,9.0%,"474,937",11.8%,"406,060",$2.76,$14.63,"$1,651,298,000",West South Central,South,Southwest
48,Texas,TX,2021,13.7%,"4,057,910",23%,16%,8%,165%,48%,52%,18.1%,"1,348,600",65%,35%,8.5%,"454,896",14.0%,"491,124",$3.11,$18.12,"$2,230,427,000",West South Central,South,Southwest
48,Texas,TX,2022,16.4%,"4,919,210",28%,23%,10%,165%,45%,55%,22.8%,"1,697,870",65%,35%,9.8%,"546,800",15.4%,"551,600",$3.45,$21.36,"$3,187,674,000",West South Central,South,Southwest
48,Texas,TX,2023,17.6%,"5,366,440",31%,24%,11%,165%,56%,44%,22.2%,"1,673,600",67%,33%,13.6%,"788,324",16.2%,"573,049",$3.11,$19.41,"$3,159,485,000",West South Central,South,Southwest
49,Utah,UT,2019,11.1%,"355,550",,17%,10%,130%,37%,63%,12.6%,"116,770",53%,47%,6.6%,"34,514",10.0%,"30,250",$2.94,$16.56,"$178,573,000",Mountain,West,Southwest
49,Utah,UT,2020,9.2%,"288,970",,19%,8%,130%,41%,59%,11.3%,"104,840",65%,35%,3.5%,"17,310",9.0%,"29,398",$2.99,$15.86,"$139,022,000",Mountain,West,Southwest
49,Utah,UT,2021,9.5%,"316,980",,15%,8%,130%,28%,72%,9.8%,"93,050",55%,45%,5.4%,"27,304",7.4%,"23,598",$3.38,$19.69,"$189,317,000",Mountain,West,Southwest
49,Utah,UT,2022,12.3%,"414,510",,20%,11%,130%,25%,75%,15.4%,"143,140",50%,50%,7.6%,"43,200",6.8%,"19,700",$3.79,$23.52,"$295,670,000",Mountain,West,Southwest
49,Utah,UT,2023,14.2%,"484,090",,21%,12%,130%,34%,66%,17.2%,"161,000",49%,51%,5.7%,"34,341",9.3%,"26,542",$3.44,$21.47,"$315,197,000",Mountain,West,Southwest
50,Vermont,VT,2019,11.0%,"68,590",,,11%,185%,53%,47%,13.7%,"15,570",55%,45%,4.8%,"8,692",8.4%,"6,837",$3.60,$20.27,"$42,174,000",New England,Northeast,Northeast
50,Vermont,VT,2020,9.0%,"56,010",,,9%,185%,63%,37%,11.8%,"13,610",67%,33%,4.6%,"8,115",9.4%,"7,766",$3.81,$20.23,"$34,373,000",New England,Northeast,Northeast
50,Vermont,VT,2021,8.9%,"57,150",,,9%,185%,45%,55%,10.3%,"12,040",56%,44%,4.3%,"8,025",12.7%,"9,877",$3.98,$23.18,"$40,178,000",New England,Northeast,Northeast
50,Vermont,VT,2022,11.7%,"75,410",,,11%,185%,43%,57%,14.7%,"16,670",56%,44%,6.3%,"12,300",13.2%,"10,100",$4.34,$26.91,"$61,558,000",New England,Northeast,Northeast
50,Vermont,VT,2023,12.2%,"79,010",,,12%,185%,50%,50%,13.9%,"15,960",52%,48%,8.1%,"16,107",14.1%,"11,280",$3.93,$24.56,"$58,867,000",New England,Northeast,Northeast
51,Virginia,VA,2019,9.4%,"799,620",16%,13%,7%,130%,47%,53%,11.4%,"212,370",60%,40%,6.2%,"115,715",8.9%,"96,066",$3.17,$17.88,"$433,605,000",South Atlantic,South,Mid-Atlantic
51,Virginia,VA,2020,7.7%,"658,470",17%,15%,5%,200%,71%,29%,9.7%,"182,170",75%,25%,5.8%,"114,304",7.8%,"80,347",$3.30,$17.50,"$349,523,000",South Atlantic,South,Mid-Atlantic
51,Virginia,VA,2021,8.1%,"704,270",17%,12%,5%,200%,57%,44%,8.8%,"164,680",72%,28%,5.2%,"105,295",7.1%,"73,127",$3.64,$21.20,"$452,899,000",South Atlantic,South,Mid-Atlantic
51,Virginia,VA,2022,11.1%,"963,980",21%,18%,8%,200%,52%,48%,13.6%,"252,480",67%,33%,8.2%,"162,700",8.3%,"91,700",$4.06,$25.19,"$736,687,000",South Atlantic,South,Mid-Atlantic
51,Virginia,VA,2023,12.1%,"1,050,300",24%,18%,9%,200%,61%,39%,14.0%,"261,730",71%,29%,9.9%,"205,745",10.9%,"118,656",$3.64,$22.74,"$724,543,000",South Atlantic,South,Mid-Atlantic
53,Washington,WA,2019,10.4%,"790,050",22%,19%,10%,200%,61%,39%,14.0%,"232,080",58%,42%,6.2%,"90,979",9.7%,"107,613",$3.21,$18.09,"$433,418,000",Pacific,West,Western
53,Washington,WA,2020,8.5%,"638,210",21%,20%,7%,200%,69%,31%,12.3%,"203,430",67%,33%,4.6%,"76,935",7.8%,"70,957",$3.47,$18.44,"$357,002,000",Pacific,West,Western
53,Washington,WA,2021,8.9%,"688,170",21%,17%,7%,200%,54%,47%,11.8%,"197,550",62%,38%,3.7%,"65,137",6.9%,"59,549",$3.85,$22.43,"$468,219,000",Pacific,West,Western
53,Washington,WA,2022,11.5%,"891,960",26%,24%,10%,200%,48%,52%,15.7%,"257,580",55%,45%,4.5%,"77,900",9.1%,"87,500",$4.28,$26.54,"$718,014,000",Pacific,West,Western
53,Washington,WA,2023,13.2%,"1,027,920",28%,24%,11%,200%,55%,45%,17.1%,"281,010",55%,45%,5.5%,"94,063",10.6%,"102,433",$3.83,$23.96,"$747,101,000",Pacific,West,Western
54,West Virginia,WV,2019,13.5%,"242,180",22%,,14%,200%,68%,33%,18.6%,"66,780",72%,28%,9.9%,"48,748",15.0%,"33,784",$2.75,$15.52,"$113,985,000",South Atlantic,South,Mid-Atlantic
54,West Virginia,WV,2020,12.0%,"217,690",22%,,12%,200%,73%,27%,17.3%,"63,070",77%,23%,9.3%,"47,025",14.0%,"29,405",$2.81,$14.92,"$98,523,000",South Atlantic,South,Mid-Atlantic
54,West Virginia,WV,2021,11.7%,"208,720",22%,,12%,200%,62%,38%,14.0%,"50,680",78%,22%,10.2%,"53,687",14.1%,"28,594",$3.14,$18.29,"$115,771,000",South Atlantic,South,Mid-Atlantic
54,West Virginia,WV,2022,15.0%,"266,370",27%,,14%,200%,59%,41%,21.0%,"73,650",73%,27%,11.5%,"60,500",12.0%,"25,500",$3.52,$21.81,"$176,204,000",South Atlantic,South,Mid-Atlantic
54,West Virginia,WV,2023,15.7%,"277,720",29%,,15%,200%,66%,34%,20.2%,"71,140",71%,29%,10.7%,"54,129",10.1%,"22,454",$3.21,$20.06,"$168,990,000",South Atlantic,South,Mid-Atlantic
55,Wisconsin,WI,2019,9.1%,"530,500",27%,21%,7%,200%,62%,38%,14.5%,"183,700",68%,32%,4.7%,"66,880",8.6%,"67,611",$2.90,$16.36,"$263,205,000",East North Central,Midwest,Midwest
55,Wisconsin,WI,2020,7.2%,"415,400",27%,22%,5%,200%,76%,24%,12.6%,"160,890",82%,18%,6.4%,"91,187",9.2%,"76,927",$3.07,$16.28,"$205,161,000",East North Central,Midwest,Midwest
55,Wisconsin,WI,2021,7.2%,"427,380",25%,17%,5%,200%,57%,43%,11.1%,"142,050",78%,22%,6.0%,"83,458",6.6%,"54,374",$3.48,$20.29,"$263,063,000",East North Central,Midwest,Midwest
55,Wisconsin,WI,2022,10.5%,"617,790",30%,23%,8%,200%,51%,49%,16.5%,"204,750",67%,33%,6.0%,"84,700",10.7%,"83,000",$3.91,$24.23,"$453,996,000",East North Central,Midwest,Midwest
55,Wisconsin,WI,2023,11.8%,"694,710",32%,27%,9%,200%,58%,42%,16.3%,"202,600",73%,27%,6.3%,"89,360",11.3%,"93,997",$3.52,$21.99,"$463,353,000",East North Central,Midwest,Midwest
56,Wyoming,WY,2019,11.7%,"67,750",,14%,12%,130%,41%,60%,14.6%,"19,530",58%,42%,5.7%,"7,685",9.4%,"6,671",$3.12,$17.60,"$36,177,000",Mountain,West,Mountain Plains
56,Wyoming,WY,2020,10.2%,"59,570",,14%,10%,130%,46%,54%,12.9%,"17,390",68%,32%,8.2%,"11,592",8.7%,"5,868",$3.13,$16.64,"$30,065,000",Mountain,West,Mountain Plains
56,Wyoming,WY,2021,10.6%,"61,200",,11%,10%,130%,35%,65%,12.2%,"16,100",65%,35%,7.3%,"10,890",7.6%,"4,923",$3.50,$20.37,"$37,813,000",Mountain,West,Mountain Plains
56,Wyoming,WY,2022,14.4%,"83,780",,18%,12%,130%,33%,67%,19.4%,"25,140",57%,43%,7.6%,"11,400",10.5%,"7,100",$3.90,$24.17,"$61,418,000",Mountain,West,Mountain Plains
56,Wyoming,WY,2023,15.4%,"90,020",,20%,13%,130%,41%,59%,21.0%,"27,230",63%,37%,9.4%,"14,485",14.3%,"9,156",$3.51,$21.93,"$59,883,000",Mountain,West,Mountain Plains